word,clue
INNATE,"It’s natural being part of rowing crew, reportedly (6)"
CARRIAGE,Coach deportment (8)
HOUSEHOLD,Family from Nelson possibly joining audience (9)
TUNIC,Garment reflecting fashion seen across Northern Ireland (5)
CHRYSANTHEMUM,"Friend defends extremely raunchy southern song, making bloomer (13)"
RESPLENDENTLY,Lenders with plenty travelling in glorious style (13)
WIDEN,Increase extent of victory over gutless Dundee (5)
ENTANGLED,"Books penned by a legend, surprisingly becoming involved (9)"
UNSTABLE,American acquiring new piece of furniture that’s wobbly (8)
BROWNS,Toasts Ivy League university Head of Science (6)
SUSPENSE,Discover what sounds like small change in expectation (8)
FLORIN,Coin almost cast without gold (6)
PLIGHT,Cheerful under pressure in difficult situation (6)
RENOUNCES,Forsakes awkward encounters with no end of embarrassment (9)
OUTWEAR,Last longer than unfashionable sport (7)
ABANDONMENT,Bet Madonna is disturbed about production’s ultimate cancellation (11)
STRETCH,Extend term of imprisonment (7)
TRAIN,Exercise that may be taken daily on way to work? (5)
OVERCOME,"Best comedian, half-ignored, left previously (8)"
ORSONWELLES,"Writer on vacation enjoys entertaining child for director (5,6)"
MAYFLOWER,PM fine with second-class transportation to America once (9)
GROWN,Good incentive taken up to employ individual adults (5-3)
LINEAGE,Ancestry Neil concocted over period of time (7)
TENDRIL,"Number given brief training, it’s helpful to climber (7)"
EDISON,Absence of arrogance is over for inventor (6)
DOSES,Starts to dispute Oslo staging European superheavyweight bouts (5)
ASSISTANCE,Help a relative into position (10)
STOP,Plug vessels the wrong way (4)
CHINCHILLA,"Animal cold in Shanghai, say? (10)"
KNOW,Understand refusal to hear? (4)
ETON,"A flat, say, turned over in school (4)"
HUMDINGER,"Drone accompanying bell perhaps, amazing thing (9)"
NINETIES,"Abducted by alien in ET, I estimate for ten years (8)"
EDITOR,"Penning nothing, horribly tired journalist (6)"
PATENT,Evident father needs temporary accommodation (6)
INFERNAL,Hellish nan playing with rifle (8)
RECONDITE,"Difficult to get credit, one broke (9)"
TOWN,"Ultimately silent, private borough perhaps (4)"
GOON,"Silly person, proceed? (4)"
SACRECOEUR,"Racecourse built somewhere in Paris (5,5)"
NAFF,Cheesy nibbles as finger food for starters (4)
ADOLESCENT,"A benefit, after shave possibly for young person (10)"
ARCH,Rainbow possibly mysterious (4)
STILTON,Bird touching cheese (7)
SECOND,Best one puts on more weight? (6-2-4)
ALIGHTED,"Mischievous lad, eight, stepped down (8)"
COLUMN,Post topical piece in newspaper (6)
TONIGHT,Difficult carrying on later today (7)
POWERDRILL,"Boring thing might exercise (5,5)"
FIDDLESTICKS,Orchestral instrument remains — blow it! (12)
SNAPDRAGON,Plant photograph on domineering person (10)
INTEGRAL,"Tearing forms, fifty complete (8)"
TICKOFF,"Mark wrong in lecture (4,3)"
NOWHERE,"Lost, new hero impossible to find? (7)"
WIZARD,Fantastic magician (6)
TROT,"In short, beginning to reduce horse’s pace (4)"
FLAPPY,"Flustered following circuit of racetrack, possibly discontented (6)"
SPACEBAR,"One’s depressed to divide characters (5,3)"
RAISECAIN,"Reportedly, skates stick and cause trouble (5,4)"
AWNED,Sheltered in base with dawn breaking outside (5)
CUTBACK,"Prune around Aussie bush, but not the front (3,4)"
AMPOULE,Uncovered roux in large enough container (7)
THREE,Figure needing support to involve personnel department (5)
OBDURATE,Fixed ado with brute that’s stubborn (8)
MULTIPLE,Many cross receiving pound gratuity (8)
DEMUR,Object when bird blocks drive (5)
REFUSAL,No official American centre for koalas (7)
DEVILRY,Wickedness of year spent in retirement (7)
PIZZA,Nothing around Zulu area for food (5)
OVERLADEN,Jam-packed deliveries left Yemen port (9)
LADYLIKE,Genteel manoeuvring ideally to bag king (8)
SPICED,"Rushed eating starters in Indian, carefully seasoned (6)"
FEROCITY,Instilling love to rectify awful savagery (8)
AVIATOR,One flies by in upward course (7)
PREVALENT,Pressure on cleric before a Christian observance is common (9)
CLAMP,Squeeze fifty in temporary quarters (5)
BANQUET,We’re told save banter for lavish meal (7)
RIDGES,Clear oddly greasy wrinkles (6)
JACKSONPOLLOCK,"Painter of sailor and child with fish (7,7)"
REDEVELOP,Update of work supporting journalist infiltrating party (9)
CRAYONED,"Shaded yard, once renovated (8)"
UNFAZED,Composed a French female a final letter (7)
MELODIC,"Sounding agreeable, doctor covers tips for lumbago (7)"
PROPEL,Push forward in short formal line (6)
SMALL,Petty scam disheartened everyone (5)
COUGHUP,"Accomplishment pocketing gross pay (5,2)"
PHANTOM,God leads boy to embrace origin of Holy Ghost (7)
PEDESTRIAN,"User of feet, flat (10)"
ONLY,"Single: piece of vinyl, nostalgic looking back (4)"
ATAPINCH,"Where salt may be taken, if necessary? (2,1,5)"
INMATE,"At home with partner, one’s inside (6)"
NIGHTINGALE,Near feeling of excitement consuming a winger (11)
MOUSER,Cat more unlikely to impress us (6)
HONEYPOT,"Draw ring circled by the pony, lamely (8)"
SHOT,Opportunity destroyed (4)
BREADSTICK,"Solid block stuffed with stewed dates, crisp food (10)"
DAVINCI,"Artist in diva upset about rhetoric, ultimately (2,5)"
STRIKER,"Forward, picket (7)"
POVERTY,Need some grip over tyrant (7)
OGRE,"Giant of giants, really enormous initially (4)"
MUTTON,Dog riding sheep (6)
THINKING,Theory shows obsession about family (8)
INFORMALLY,"In casual manner, friend currently playing well? (10)"
TOILETS,"Creation of TS Eliot, ladies and gentlemen (7)"
HIGHLIGHTER,"On top shelf perhaps, thinner pen (11)"
POINSETTIA,"Unfortunately I step on it, a plant with brightly coloured leaves (10)"
HARDBACK,Tough second book (8)
GOAHEAD,Permission from Indian state leader (2-5)
POACHED,"Nicked, pop getting cut, hurt (7)"
NUDITY,"Rubbish untidy, natural state (6)"
TWIG,Realise it’s a bit of wood (4)
STICKS,Little mite smuggled aboard ship doesn’t go away (6)
FORETOPS,Platforms allowing vocal quartet to be heard (8)
COMMITMENT,Dedication of US university evident in discussion (10)
IRON,Endless sarcasm offered by good conductor (4)
BEFRIEND,Support fire damaged in arch (8)
LITTER,Shiny stuff — no good — rubbish! (6)
SHAM,Second character surviving flood is a fraud (4)
MESSIEST,Most untidy place for eating that is on street (8)
STAND,Rugby player Don played in teachers’ team maybe (5-3)
PARK,What is expected by end of week is place in which to relax (4)
TARIFF,Duty of a queen intervening in row (6)
PLACEBOS,Situation with inadequate leader: such will be ineffective (8)
MAID,Girl? One may be hugged by mother returning (4)
STEPSISTER,Family member tries changing by incremental amounts (10)
VERANDAH,Raven had to fly around terrace (8)
SADISM,Cruelty making one unhappy is last thing kingdom needs (6)
THOSE,"That group shows spirit, first to last (5)"
CAMERAMEN,Fellows who may shoot others without killing them (9)
SETTER,"Dog in sofa, not quite right (6)"
RUTHLESS,Wicked hustlers showing no mercy (8)
TWIST,Young fellow requesting extra   dance (5)
PROFESSOR,"I have a chair, I declare (9)"
HITPARADE,"Old listing of characters involved in apartheid (3,6)"
IMPRESSED,Confession of someone in a hurry was breathtaking? (9)
CONFUSED,Bewildered prisoner mingled (8)
CAUSES,Parts of document getting left out — the reasons? (6)
INDRA,Pouring rain’d come from me? (5)
OMENS,Old chaps beginning to see warning signs (5)
UNDERSTAND,Gather where spectators seek refuge in bad weather? (10)
TORC,Necklace of spun carat gold breaks (4)
GNOCCHI,Cook coaching adult off to make dumplings (7)
AUCTION,Discretion to delay when clubs will appear for sale (7)
SUPPLEMENTARY,"Additional drink, soft and clear, having no head (13)"
ANYHOW,Native American greeting some at first indifferently (6)
ESPECIAL,Flipping excellent mushrooms eaten by the French in particular (8)
TEARAWAY,"Impetuous youngster not at home following meal, right? (8)"
AVOIDS,Misses southern singer holding nothing back (6)
RUNNINGSTITCH,"It’s used to gather material from pain athlete experiences? (7,6)"
SPANNER,Tool to measure energy new refrigerator initially consumes (7)
ERITREA,Country each artist urged regularly to visit (7)
DASH,"Hit, scratched by careless dart (4)"
HONEYEATER,"Bird, extremely tame, adopted by Hotel Four Seasons? (10)"
URGE,Encourage son to steer clear of medical profession (4)
DROPSBY,"Visits young lad disheartened after fielding mistakes (5,2)"
RECIPROCATION,"Return of actor in epic, or performing … (13)"
TRIFLE,… play that’s of little importance? (6)
NEARMISS,"Narrow escape from weapon, one that cuts head (4,4)"
ORIGAMI,Occasionally coercing Nancy’s friend to display Eastern art (7)
CANDYFLOSS,Something insubstantial about Capp married couple succeeded attracting readers ultimately (10)
CONSERVATOIRE,Wild overreaction describing student’s debut in music school (13)
CAUTERISED,Reportedly got mounting hope when a wound was treated thus? (10)
KANGAROO,Agreed to go north without new angora jumper (8)
ANNUALS,Garden plants in books (7)
INHERIT,Succeed with current blockbuster about the Queen (7)
STEEVE,Jobs for one told to pack ship tightly (6)
HAIR,Broadway musical that Yul Brynner abandoned? (4)
FILING,Putting on record one caught in affair (6)
SACKRACE,"Event that sees career on fire? (4,4)"
PRIMEMINISTER,"Politician offering terms ripe for negotiation, including car (5,8)"
INSTINCT,Detective must abandon vague feeling (8)
SHADES,Touch judges ultimately finding glasses (6)
LETSGO,"Checks energy releases (4,2)"
NEPOTISM,Work practice that’s relatively favourable (8)
CLARINET,A client upset about right type of music producer (8)
ELDEST,Cruel destiny imprisoning the first-born (6)
SCREWS,Prison guards work party on board (6)
RESIDENT,Local team in split (8)
FOOLSPARADISE,"Illusion loads of praise must shatter (5,8)"
PRETTIFY,"Embellish, rather, if being adopted (8)"
GEYSER,Bloke reportedly producing natural water feature (6)
IMPINGE,Influence of heartless figure pierced by nail (7)
IDIOT,Plonker‘s wild riposte oddly ignored (5)
GREENHORN,Callow youth or environmentalist with hooter (9)
STILTON,What might accompany crackers list lad keeps? (7)
CRIES,Shouts as male discharged from offences (5)
RETRACTED,Pulled back from area of ground covered in grass (9)
CARTELS,Consortiums offering vehicles fitted with phone (7)
SORTEDOUT,"Dealt with roots due for treatment, needing time (6,3)"
PRESSGANG,"Media pack finding old service provider (5,4)"
LUCIFER,The devil’s bunch regularly occupying prisoner (7)
TERNARY,Inclined to cry about R number based on three … (7)
SINCERE,… because R before end of June is genuine (7)
SUSHI,Something fishy in South American greeting (5)
DAIRY,"Parched, welcoming first-class supplier of milk (5)"
HABERDASHER,A person with pins and needles? (11)
OUTRAGE,Shock from breaker’s end in power cut … (7)
AMAZED,… floored by tangle inside plug (6)
SOMEONE,Worthy sweetheart after shortly embracing yours truly (7)
ENTITLE,"Document, it legally covers license (7)"
LUSTY,Endless drag before filthy place is fit (5)
SURRENDER,More certain about right outcome for resignation (9)
DISMISSAL,"Notice young woman in dark, sharing male … (9)"
REEKS,… exhales from occasionally briefer kiss (5)
TENNERS,Notes produced by singers for the audience (7)
AVIATOR,Pilot ace through until end of war (7)
MOTIVE,Inducement of sex rejected in advance (6)
INERTIA,Queen in top ten single reversing apathy (7)
INVESTIGATE,"Spy, possibly shirtless, faces international ‘scandal’ (11)"
ANATOMY,Science of a particle with variable (7)
ELEVENSES,Different son consuming regular cuppa? (9)
DRAKE,Degenerate after diamonds getting bird (5)
STARTLE,Rock idol talked oddly (7)
ERECTED,Stood before court and ended eviscerated (7)
CONSOLIDATE,Fuse board contains trace current rising (11)
STAMPS,Impressions of male wearing gaiters pulled up (6)
TERRESTRIAL,Mundane blunder in batch overturned experiment (11)
RELOADING,Getting the next round in? (9)
SUNDOWN,Evening Standard’s first open when free (7)
ITEMISE,Catalogue of exquisite misery (7)
RAIMENT,Wear and tear taking train (7)
ESTATE,"Divorce finally, say, giving grounds (6)"
SCENT,Spoor smell could expose new trail initially (5)
BRUMBY,Wild horse from Midlands city in reserve (6)
VOLATILE,Temperamental rodent keeps swishing tail (8)
SUPERGLUE,Agent good for Bond smashing luge into pieces (9)
MUFTI,Religious official sends note round university daily (5)
NIRVANA,North country area includes very serene place (7)
RETINUE,Royal attendants bemoan banking eastern money (7)
SADHU,Miserable husband initially under one choosing austerity (5)
EXEMPLAR,Former barrister maybe killing time sees model (8)
HECATOMB,Sacrifice and explosive combat at sea (8)
NOBLE,First book stolen from dope makes grand (5)
ENAMOUR,Entrance needs locks turned by soldiers without uniform (7)
NEUTRAL,Renault changing gear (7)
LAMIA,"Vampire, firstly impaled, interred by priest (5)"
IRISHSTEW,"Saint feeding cut flower before providing dish (5,4)"
GOSSAMER,Material from Web in plan approved to hold crowd back (8)
TRADER,Ship on move suddenly reverses (6)
BUSINESS,Elizabeth dresses American in outfit (8)
UMPIRED,Classy politician international socialist judged (7)
BARRACUDA,"Save artist given partially digested food, a fish (9)"
ONE,"No gang of gunmen handled machine (3-5,6)"
ADMIT,Take in maid dancing tango (5)
INFANTA,Admirer cheers to support popular princess (7)
EDITED,Checked rising water level — dredge in middle (6)
ALSACE,Man’s excellent knowledge about bad weather in border region (6-8)
PEN,Clerk one to provide assistance in swan-upping? (3-6)
DEFLOWER,"Lie with maid in spring, among forest creatures (8)"
ERASMUS,Times getting letters from Greek theologian (7)
BERATED,"Scolded, undergo assessment? (7)"
PEGLEG,"Pirate’s prop to fix on stage? (3,3)"
OSAKA,Mighty growth around Steppes originally a city (5)
APPROPRIATE,Right steal (11)
UNCONSCIONABLE,"Abhorrent conclusion, bane evil (14)"
AWAY,"Absent, a system (4)"
SPEED,Power maintained by top sportsperson in race (5)
OVER,Opener removed from fielding position for spell of bowling (4)
INDUSTRY,"In little bits, railway business (8)"
PRISON,"Nick is residing in flat, briefly (6)"
TRENDY,"In test, put a stop to breaks (6)"
CLOSE,Tightly packed store cleared out in secret (5-3)
SODA,Soft drink: I’m going without one on the counter (4)
METHSA,"Last of all in kingdom, prince without biggish debts, solvent (5)"
DIVA,Narcissist keen to make a comeback (4)
ONE,"Mentioned a drab drunk that will pick your pocket in Vegas? (3-5,6)"
BULLETPOINT,"Item on list, killer objective (6,5)"
ROOT,Reportedly track origin (4)
PASSPORT,Document I don’t know on drink (8)
IRISES,Flowers in roses I rightly pulled up (6)
TUNA,Fish in a fruitcake brought over (4)
ABOVESUSPICION,"Better than hint, obviously faultless? (5,9)"
WEARANDTEAR,"Use river with bit of salt water (4,3,4)"
VARIETYSHOW,"Performance I saw with very hot dancing (7,4)"
ASIDE,"A camp, out of the way (5)"
GROSS,Serious amount? (5)
ALPHABET,"What begins with a beat, pal improvising around Beethoven’s Fifth (8)"
CEREAL,Possible breakfast TV show announced? (6)
URDU,"Tongue held by paramour, dutifully (4)"
INFO,Dope working for government department (4)
HOPELESS,Wretched depression’s solved firstly taking exercise (8)
GANDHI,Great Asian nationalist died helping India initially (6)
BRAT,Terror of supporter with extra time (4)
ORIGINALLY,Occasionally Boursin and drink with partner initially (10)
NATIVE,Local is unaffected about temperature (6)
EPISODIC,Periodical is copied irregularly (8)
DEDUCT,Empty discharge channel to create dock (6)
ONLINE,"Connected to internet, single describes rejected love (6)"
PASSPORT,Father’s facing high jump perhaps for papers (8)
STEWED,"Worried good person married, embracing sweetheart (6)"
AGGRESSION,Hostility rose and gang is disbanded (10)
RITE,Ceremony is proper for the audience (4)
DEMEAN,Humble of French chap accepting English (6)
GOATSKIN,Attack family about son and hide (8)
GOURMAND,"A little pig, our man devoured pig (8)"
CERT,Queen seen in Court? Sure thing! (4)
REPOSE,Relax with record penned by Pink (6)
IGNITION,"Some sign it ionised, creating spark (8)"
ANTAGONISE,Turning one against needle (10)
CHILLI,"Dish which is hot and cold, reportedly (6)"
SLIVER,Shaving small organ (6)
INDISCREET,Entire CID’s mobilised lacking diplomacy (10)
CROSSING,Passage of old ship entering cold belt (8)
ELECTRIC,Charged vote for Republican in charge (8)
STRING,Series is smart to cover run (6)
ANGLES,‘Points of View’ for old people? (6)
SANDAL,Nearly everybody supports beach footwear (6)
RUSH,Career in rugby’s hard (4)
BLACKTIE,"Colourless band that is associated with a DJ (5,3)"
WARHORSE,Nag in a fight (8)
MOOR,Beastly noise by river in a desolate place (4)
CONGRATULATE,Praise from firm met with a grunt — working after hours? (12)
COMMERCE,Business to begin — right for any number to get involved (8)
NEPALI,Plane crashing close to India in mountainous territory (6)
PENT,Shut up in quiet part of hospital (4)
BRUTE,Monster repulsed in the course of terrible turbulence (5)
DARN,Blast from modern radio echoing (4)
LEANED,"Was inclined to be well educated, though neglecting reading? (6)"
LAMPPOST,Light support (8)
STEEPLECHASE,Race with dear Charles hiding in shelter (12)
ROAM,Wander round surrounded by sheep (4)
ESPALIER,Piles are arranged in framework (8)
PREGNANT,Expecting to be quiet as a ruler (8)
LOOPHOLE,What it’s possible to get through when there’s difficulty? (8)
CIRCUMSTANCE,Something associated with the pomp of a final musical performance? (12)
TURNER,Artist that is revolutionary (6)
EWER,Vessel in underground channel heading off (4)
PRETENCE,"Awful creep, about ten, behaving insincerely (8)"
ORCA,Sea creature some sailor caught (4)
DELETION,"Removal from Eden, toil being involved (8)"
LEPIDOPTERAN,Insect sadly trapped in hole — hard to get out (12)
EQUAL,Match with elements of supreme quality (5)
PILASTER,Column to endure when given external support (8)
BUDDLEIA,Plant with sign of new life daughter and I found in open country (8)
RESTRAIN,Engineers try hard to gain control (8)
MEANIE,The person writing leading article that is ungenerous soul (6)
ESPY,Spot with exceptional perception an unknown character (4)
CARP,Fish or grouse? (4)
STEAMY,“Sexy Sadie”‘s opening — group unknown (6)
SPREADER,Study held by agents backing agricultural machine (8)
REPENT,"Regret about writer, bankrupt, ultimately (6)"
WINDDOWN,"Less breeze , so relax? (4,4)"
PANATELLA,Criticise Americans accepting order for cigar (9)
RULES,The French following Rugby Union laws (5)
MISREPRESENTED,Met rep in des res unfortunately portrayed inaccurately (14)
THECAT,"Term of excellence article applied to jazz fan’s night attire? (3,4,7)"
INFER,Gather popular umpire retired (5)
ABSTINENT,Like one on the wagon missing having can inside (9)
MERCIFUL,"Compassionate? Lucifer, surprisingly, after mass! (8)"
ESCAPE,European associated with staggering space flight (6)
ROMANTIC,Visionary having short time in charge after Vespasian? (8)
JERKIN,Useless person wearing sleeveless jacket (6)
SCRAPE,Waste energy in awkward situation (6)
EXPENSIVE,"Dear old partner, deeply thoughtful (9)"
MONITOR,Track  large lizard (7)
PRIVATEEYES,"Tommy watches detectives (7,4)"
ENDORSE,"Back last nag, not the first (7)"
DROLL,Funny turn after onset of dizziness (5)
RINGSIDE,Row of seats in circle section (8)
LAPISLAZULI,"Stone is left in Bolivian city university — large one (5,6)"
TRADEMARK,First of them comment having taken in ad’s distinguishing characteristic (9)
STRIMMER,Be enraged about brief attempt to obtain gardening implement (8)
ARRAIGN,Charge American soldier up in Scottish island (7)
ATISSUE,"A series under discussion (2,5)"
STREWN,"Scattered drives, at the end, on Scottish Open golf course, we hear (6)"
FORUM,Meeting female over drink (5)
GRIEVOUS,Serious complaint not initially plaguing second person in Paris (8)
PRIORY,Enquire about current leading men in religious institution (6)
FOUR,Sport arising from running round in square (4)
IRIDESCENT,I travel beside trail filled with colour (10)
WAFFLE,"Women’s puzzle book overlooked, and not a convincing explanation (6)"
LICENSEE,Vermin? Note: contact landlord (8)
TESTER,Experimenter and demonstrator dismissing expert (6)
STREET,Engineers to get involved in instruction to restore highway (6)
ACCIDENT,Mishap I had when overwhelmed by stress (8)
SUTURE,Treatment of wound succeeded — tomorrow sees female heading off (6)
INDISCREET,"Unfocused, losing money, snatching wader without thinking? (10)"
REAP,Gather summary has omitted central item (4)
VENUES,The epitome of romance seen around European places (6)
FUNCTION,Pleasure — it has returned in Conservative Party? (8)
ARROGANT,"Superior total, sealing game up (8)"
TEAR,Rent adjacent locations in elite area (4)
POLICE,Who’ll have staff apprehending one leader of criminals? (6)
UPPERCUT,"After meal fails to start, split punch (8)"
DISCONCERT,Recording being played: something sure to provide surprise (10)
TRANCE,Condition shown by medium dog biting man’s bottom (6)
STIFLE,Block steps to secure source of funding (6)
FASTIDIOUS,Particular rapid way of speaking abandoned by last of Americans? (10)
EXERCISE,I’m not sure to intervene in tax trouble (8)
TARRAGON,Black badger regularly taking aromatic plant (8)
ITSELF,Emphatic view of it is restricting tense team in Bundesliga? (6)
CANTER,Pace is lacking in case (6)
SATINY,Opinion offered about metal with a lustrous surface (6)
RATE,Buccaneer not showing very good speed (4)
THINKING,Solving aid that’s peaked? (8-3)
CHANCES,Risks taken by rich ancestors (7)
ARRAIGN,Charge retiring US soldier occupying Scottish island (7)
UNDERTOW,"Current description of water-skier, perhaps (8)"
FITTER,More suitable tradesperson (6)
TEES,Flower shirts (4)
BLUECHEESE,"See eel fighting with chub — it could be Danish (4,6)"
RAGAMUFFIN,"Scruffy child, kid with a cake (10)"
PARE,"Peel fruit, we hear (4)"
ALLIED,"United improved, Solskjaer finally sacked (6)"
HEAVYSET,"American’s well-built, as they’ve ordered (8)"
EMOTIVE,Controversial reason for action online? (7)
ANIMATE,Bring to life musical pair on the air (7)
SALESPERSON,"Press cast to drink beer, facing issue in rep (11)"
TWADDLE,Rubbish tango: move like a duck! (7)
INCURS,"At home, dog, small, suffers (6)"
KISSOFLIFE,"Blows to bring one round? (4,2,4)"
NOAH,Cheat regularly on capsized mariner (4)
CORNICHE,Coast road‘s my special place (8)
PHILTRE,"Triple rum, hot inside, could be aphrodisiac (7)"
COUNTERPANE,Chip glass that’s found on bed (11)
NERVECENTRE,"HQ never moving money about (5,6)"
DELIBERATE,Careful doctor led a tribe east (10)
IMPERIAL,Jeopardise hosting leader in Ark Royal (8)
GALLOWS,Support for execution? (7)
ABSTAIN,Stay away from a black spot (7)
AVOIDS,Shuns when without space (6)
PECS,Exercise outside to compress muscles (4)
ACERBIC,Sharp expert playing crib (7)
DROOP,"Daughter, with bad back, in decline (5)"
STRAIT,Sound level for listeners (6)
ROULETTE,Course holding permit for gambling game (8)
GRASSCOURT,"Wimbledon feature — inform tribunal (5,5)"
PROP,Stay for start of party (4)
EMINENCEGRISE,"One wielding power behind the scenes, unpredictable in emergencies (8,5)"
CHIC,"Primarily, come here in Cannes, the height of fashion (4)"
BARRISTERS,Advocates having protective rails across street (10)
JUVENTUS,"Italian football club, very European, in unjust broadcast (8)"
INHAND,"Popular pointer receiving attention (2,4)"
THORN,Old character in two minds about hospital (5)
ISOLATE,"In consequence, departed after island cut off (7)"
MEGA,Huge Greek character blowing top (4)
OBSTACLE,Old boy’s story about opening of cell block (8)
ADJUST,Modify top of dress during a fitting (6)
COVERPOINT,"Fielder putting cap on head (5,5)"
ASTER,Flower expert miles off (5)
CORPUSCHRISTI,"Police officer collecting King, US novelist heard in college (6,7)"
POTHOLE,Road hazard — this is removed in Dorset resort (7)
SWITCHEDON,"Lit  with it (8,2)"
EXHAUST,Drain  pipe fitted to vehicle (7)
GRIDIRON,Network press pitch for Americans (8)
BITING,"Extremely cold, some climb it in Garmisch (6)"
RANGE,Fury involving new kitchen stove (5)
HEAR,Pick up article brought in by that woman (4)
TASTIER,More appealing modelled attires (7)
PLUMMET,Drop police force by choice (7)
UNTRIED,Inexperienced peacekeepers put to the test (7)
ANNULAR,Cancel a Republican circular (7)
FLASHBACK,Echo of past of showy defence player (9)
TESLA,Some magnate’s latest electric vehicle (5)
EVENT,Social occasion of first lady and gentry essentially (5)
PRINCIPLE,Standard of behaviour head teacher announced (9)
GUARANTEE,Promise oddly glum American organised support (9)
DARED,Challenged on interrupting father (5)
APPLE,Gala perhaps that’s big in New York? (5)
IDENTICAL,"Exactly the same in dialect, surprisingly (9)"
SWOLLEN,Puffed up as two ill men with openings gone (7)
ABASING,Swedish group half-heartedly perform songs; it’s mortifying! (7)
SLENDER,Remote southern bank? (7)
TONIGHT,Thing to put in order this evening (7)
TRUFFLE,"Pig out, finding this food (7)"
SITUATE,Locate model worried about uniform (7)
IRISH,Flower on top of hill from Dublin? (5)
REDCARPET,"Revolutionary vehicle, favourite for special treatment (3,6)"
PRANK,Parking place for taxis to wait is a joke (5)
UNNOTICED,"Continued, strangely disregarded (9)"
MILKSOP,Coward takes advantage of work (7)
TERRACE,Track round leading lady’s houses? (7)
TRAVELLED,Moved along a course initially twisted and tangled (9)
INELEGANT,Fashionable English stage worker lacking in refinement (9)
GLASSES,Drinks finally sozzling girls (7)
APPROVE,Think well of a very quiet ramble (7)
ROCKING,"Obstacle in golf, swaying from side to side (7)"
DELIGHT,Joy of ultimately untrained boat crew maintaining lead at first (7)
INNER,Offender not primarily close to centre of power (5)
TRAIN,"Exercise time, then shower? (5)"
HAKUNAMATATA,"Song and dance about reflective Rashford’s transfer tweet? (6,6)"
INCAN,Apparently ready for release of empire’s supreme ruler (5)
CONTRALTI,"Singers being heard in court, one delayed (9)"
DAIRYMAID,14 heading over to assist farm girl (9)
ASYET,"Inordinately easy start to Toughie? Till now! (2,3)"
ERIKSATIE,"Composer‘s one piece of work covered by Ireland retrospective (4,5)"
ONICE,"Nothing pleasant, alone in pen? (2,3)"
TAHOE,Lake resort near Spain – it’s lovely visiting (5)
LOSTATSEA,"Look at that set of numbers, each describing ratings that have gone down? (4,2,3)"
CHILL,"Is out of food, hot and cold (5)"
GOODGRIEF,"My word for doggie barking (4,5)"
SELF,Conscious of No 1 principality to the west receiving first 25% of passengers (4-5)
SWIFT,"Churchman, satirist and flier (5)"
HOCHIMINH,"Famous Vietnamese hospital: I am impatient and I am an in-patient (2,3,4)"
KINKY,"Bizarrely attractive, Frankfort’s heart – here! (5)"
NUCHA,"A little non-U, charmless scruff (5)"
MINIDRESS,woman’s clothed fashionably in red garment (9)
TARRAGONA,Sailor’s newspaper leading on a Spanish seaport (9)
TELLY,Still worked up about large student set (5)
FIDDLESTICKS,Bows rot! (12)
IFTHECAPFITS,"Fine to wear, when cooking, is it apt, chef? (2,3,3,4)"
SHEDLOADS,What unfortunate lorry-drivers may do a great deal (9)
TELEGRAPH,"Daily, the suspect’s admitted on charge (9)"
INSPIRITS,"Happy – as Gagarin’s medium or the Husband of Rhum? (2,7)"
ISLET,Enjoys life on rented eyot (5)
OVERT,On time for public viewing (5)
GOSHT,22! Someone finishing off tender curry-house meat (5)
ATISSUE,"What you’ll need if you cry in dispute? (2,5)"
GUESSED,Assumed one’s invited for speech (7)
CELLO,Instrument that could make mobile ring (5)
GETTHEAXE,"Prepare to cut leave, reluctantly (3,3,3)"
DICTIONARY,City Road in revised A-Z (10)
SWIM,Group of women wearing two costume sizes for pool activity (4)
AGRICULTURAL,"Laura, girl cut out for farming (12)"
OUTOFFASHION,"Lacking way to get square (3,2,7)"
CHAP,"Male hero, no maiden (4)"
DIVERGENCE,Conflict caused by man mostly seen in jumper going to church (10)
PENINSULA,Son entertained by silly ‘alien’ pun — ‘one that sticks out on Earth’ (9)
OASIS,Love meeting when one’s well (5)
STRANGE,"Street with field at the end, not common (7)"
TIDINGS,Reports occasional sightings of third fiend — gosh! (7)
ARCADE,Little group of shops are broken into by villain (6)
INLUCK,"Fortunate having two kinds of spirit left by GP initially (2,4)"
SHOWING,His gown is ruffled — rotten exhibitionism! (7-3)
EGGON,"Drive from Winnipeg, go north (3,2)"
GOTHROUGH,"Bear became hot and wild (2,7)"
ECHO,Imitate character on the radio? (4)
STALWART,Old reliable with coastal wartime housing (8)
DREAMILY,Idle army deployed in visionary fashion? (8)
STRONGHOLD,Keep what wrestler wants? (10)
INAMINUTE,"Ian drunk? Tiddly before you know it! (2,1,6)"
CONCEPTS,"Thoughts formerly admitted by upstanding pious person, politically correct (8)"
STRAINER,"On the way to getting drunk, leaves stick here (8)"
UNISON,College boy offers togetherness (6)
VERSES,Things people sing against upper class being overthrown by English (6)
EXACT,"Former band, say, bang on (5)"
ANON,Article about author seeking privacy? (4)
HAMMOCK,A place for resting meat substitute (7)
CATARACT,Viewer may suffer this  drop (8)
SQUIRMS,Feels embarrassment with jets losing time for millions (7)
FILAMENT,Feeble end of bulletin in suitable thread (8)
FEUDAL,Old-fashioned doctor leaves dreadful drunk (6)
EXORBITANT,Excessive influence held by former worker (10)
HUGO,Man personified by endless great love? (4)
PAILLASSE,"After parking trouble, girls mostly sleep on this (9)"
PEAL,Ring cycle has no heart (4)
DRAGONBOAT,"Shanghai may offer this oriental craft (6,4)"
ULSTER,Powerful steroids hidden in coat? Quite the opposite! (6)
ROULETTE,Open university communication finally getting precedence for game (8)
SKIDPAN,"Practice driving area and range occupied by child (4,3)"
SCRAGEND,Butcher’s cut credit in singular truncated schedule (5-3)
PRESSED,"In a hurry? Quietly relax, we’re told (7)"
ARQUEBUS,Gun once needing revolutionary advance to support unprotected brands (8)
MAILDROP,"Delivery procedure under macho-sounding doctor (4,4)"
COMPLEXION,Appearance of one working oppressed by phobia (10)
BALI,Island origin of British boxer (4)
WASABI,Cook may need this when sailor’s in the West End (6)
LATERAL,Security has no pass for side (7)
STATUTE,Act of sovereign country occupied by junta intermittently (7)
FOOTLOOSE,Free to pay for facilities on top of Everest (9)
BUSHTUCKER,"UK butchers supply such fare (4,6)"
EPISODES,Record one’s poems in instalments (8)
MACERATE,Staff cost is steep (8)
ADDRESS,Speak to head of department during a shift (7)
VAQUERO,A question cut short interrupting very old cowboy (7)
ONEDGE,"Tense over northern border (2,4)"
TONK,Bond may be set up for strike (4)
RESPIRED,Spider spinning on banks of Rhine showed signs of life (8)
OBTAIN,Land at home east of boat at sea (6)
CHOWCHOW,Dog food at the double? (4-4)
MUSCAT,Greek character: shift for capital (6)
NEPHEW,"Relative number initially cut, that’s a weight off my shoulders! (6)"
ROASTING,"Stolen by gang, oven hot! (8)"
ASININE,"Trimmed, basic figure idiotic (7)"
PERI,Queen guarded by good fairy (4)
AXON,Some nerve heading off old raider! (4)
BOLIVAR,Currency as it happens almost pinched by swine (7)
BOTHERED,"Spare kept in sack, poked nose in (8)"
SKIRUN,"Risk breaks, one in Chamonix — on this? (3,3)"
TURNIP,"From behind, hold down and grind vegetable (6)"
WOMANISE,"Play around, with puzzling one’s aim (8)"
NODOFF,"Absolutely not getting lift, crash (3,3)"
GRADIENT,Present banking pass for bank (8)
RACINE,People defending popular dramatist (6)
SLOPPY,"Wet coats left, muddy (6)"
INCREASE,"Towards the centre, fold up (8)"
EROS,Love child maybe painful to bring up (4)
BLUISH,Fairly colourful glow around India (6)
ARCHIVES,Records from chief composer (8)
NOTAGAIN,"Turkish commander breaking out? This has happened before! (3,5)"
MOUNTIE,Little time free for officer abroad (7)
SNOOKER,Fool breaking game? (7)
RAMBUTAN,Stuff still on top of an Asian fruit (8)
DOCTORED,Wine after month in effect contaminated (8)
BACKHAND,Finance worker shot (8)
RELIEF,Sports official eating whopper for charity (6)
BRUISE,"Mark puts the kettle on, we hear (6)"
UNSEAT,Throw cakes without topping down (6)
FOUR,Coat covering old pair of braces (4)
SOFTSOAP,"Succeeded with a spot of moving flattery (4,4)"
IMPAIR,"Blunt, independent married couple (6)"
ADMIRE,Take one’s hat off to daughter entering a stretch of boggy ground (6)
APPROACH,Method that may get a fish very quietly hooked (8)
TAKETHAT,"Exclamation made by one hitting another in pop group? (4,4)"
TRENDY,"Hear about object, very fashionable (6)"
MISREPRESENT,Inaccurately portray reformed miser here (12)
BRANDYBUTTER,"Sauce on heat in B&B, say (6,6)"
BATMAN,"Comic book crimefighter, officer’s personal assistant (6)"
FRICTION,Invented story about Republican causes conflict (8)
CROSSBAR,Part of the woodwork in pub by bridge (8)
VANDAL,One doing wilful damage in museum close to Whitehall (6)
ONEDGE,"Ill at ease concerning border (2,4)"
TURNCOAT,Go off and film rat (8)
ORDEAL,Trying experience in gold trade (6)
TRIPE,Food: tons ready to be harvested (5)
OVERHASTY,"Too quick a shot, very ungainly (9)"
PRATTLE,"Rabbit, soft baby’s toy (7)"
INPUT,Place under batting data (5)
PROFESSOR,Posers for supply teacher (9)
INCIDENT,Depression following popular Channel Islands event (8)
MINIMISED,Made light of notes describing one newspaper chief (9)
RETRIEVER,"Dog, barking terrier, biting vet endlessly (9)"
TRIALRUN,"Manage after hearing test (5,3)"
UPFORIT,"Ready to take part on horseback, on account of Italian (2,3,2)"
SONATA,"Musical piece, likewise with a beat, coming up (6)"
NOBLE,"Illustrious person of wealth, extremely likeable (5)"
TONIC,"Livener kept in bucket, on ice (5)"
DOWNTHEHATCH,"Bandaged by feathers and straw, that man in good health (4,3,5)"
FOLLOWING,Fluid including oil drained next (9)
CLOUT,Power punch (5)
MAYHEM,Traditional UK general election time bound to be chaos (6)
ASSASSIN,Hired gun: twin fools in for it? (8)
DELETE,"Cut ends off old sausage roll, the worst piece (6)"
SURROUND,Wrap up certain short series (8)
FLAGRANT,Blatant placing of elderly relative in annexe? (8)
CONFAB,Party great for gossip (6)
ACHILLES,"Hero getting cold in water, on the retreat (8)"
TRYING,Tiresome court procedure (6)
HERTS,County pack members overheard? (5)
TYRANNISE,Bully sees girl is pinioned by rubber ring (9)
STORMYPETREL,"Bird demolished pretty morsel (6,6)"
DEFAMED,"Brought into disrepute, fed up getting made wrong (7)"
WELLY,"Big effort, one going on foot (5)"
TWO,Small vehicle in row with estate after crashing (3-6)
EDIT,Correct current passed up (4)
AUGUSTUS,Eminent American ruler of empire (8)
COCOA,Officer doubling up on a drink (5)
HOTSTUFF,"Chilli, for example, flavour of the month? (3,5)"
STONED,"Part of chest, one drawer out of it (6)"
LEATHERY,Tough knots lay there (8)
RIOGRANDE,"American flower in Rhode Island, giant swallows also (3,6)"
INVENTOR,Creator of new design put hole in wrought iron (8)
FLASHY,"Loud, like lightning? (6)"
BIGDEAL,"Bad leg I gathered, who cares? (3,4)"
LISZT,Virtuoso with record on the radio? (5)
ICIER,"More slippery, every other bit of pitch, I hear (5)"
ARMY,"Huge number of limbs, arguably? (4)"
SPIRIT,Bottle — what could be in it? (6)
MISUSE,Exploit is defended by creative influence (6)
OASIS,"Spring is ending obviously, and summer starts (5)"
PENDULOUS,Suspended hammers used upon about fifty (9)
CLOBBER,Hit things (7)
FIDDLER,"Musician, untrustworthy type (7)"
PARTRIDGE,Separate escarpment for bird (9)
BUGGY,Cart infested with insects (5)
CADDY,Assistant on course leaves here? (5)
BADMINTON,China behind shocking sport (9)
ACROBAT,"Performer, a jazz fan downing mug (7)"
AFFABLE,"Pleasant, a story capturing Kafka’s heart (7)"
BRAZILNUT,"Last character in tribunal misrepresented, is that hard to swallow? (6,3)"
ATALL,"Ever a giant (2,3)"
ATTLEE,PM in general beyond a gutless twit (6)
HEELED,"Listed, as are stilettos? (6)"
PESTO,Sauce pots Epicurean’s holding up (5)
RASPBERRY,Expression of derision that’s fruity? (9)
TAPER,Decrease power in adjustment of rate (5)
MANSFIELD,"Old player, fellow’s on pitch (9)"
SOUND,Healthy also underneath masks (5)
SPOTLIGHT,Focus weak around corporation (9)
TOECAP,Item attached to boot to walk uphill (6)
ASTRAY,"Adrift, like carrier (6)"
REDBREAST,"Bird breeds with rat, bizarrely (9)"
DEBUTANTE,"Woman making first appearance badly taunted about errand boy, initially (9)"
BRIEFCASE,Short suit in item of luggage (9)
CRABBY,"Cross, as one scuttling off? (6)"
NEEDLE,Taunt that may be on record? (6)
BRILL,Fish in river caught by William (5)
AITCH,"Character sometimes dropped, a sensation (5)"
BRAKE,"Stop holiday, did you say? (5)"
POTATORACE,"Old rubbish men spotted in the course of walk or fun run (6,4)"
GENT,Fellow presenting information on time (4)
CRAVE,What is long and yellow with no tail? (5)
LASERBEAM,"Odd male entertaining a European that is very bright (5,4)"
DISAGREEMENTS,Greediest man’s involved in arguments (13)
STEARATE,Something in soap is given attention in the country (8)
ANGLER,One with inclination to go to river? (6)
ONSETS,Attacks on TV the ultimate in nastiness? (6)
BAGUETTE,"Be full of sickness, having dry bread (8)"
EXONERATE,"Clear individual pursuing old lover, gaining speed (9)"
ADORE,Fuss with Religious Education and Worship (5)
TODO,One waited for returning? No good fussing (2-2)
PERSISTENT,Determined person not getting on is needing shelter (10)
PUCK,Fairy bringing up vessel before king (4)
TWADDLE,Rabbit to walk like a duck south of road junction (7)
TREASURETROVE,What could be ever so true — art being seen as a valuable collection (8-5)
RELEGATE,Put down attendee at conference wanting new leader (8)
CASTE,A saint in church group (5)
ETERNAL,"Enduring out in space, learn to adapt (7)"
TIMESERVER,Opportunist who looks after the enemy? (10)
ROMANNUMERALS,"Symbols of the past to be reckoned with (5,8)"
ASSORTMENT,No smart set — jumbled collection of various items (10)
MANATEES,"Creatures making bloke rested, we hear (8)"
STEROID,Heavenly body doesn’t need a body-building chemical (7)
TETRODE,Tube to deter travelling around? (7)
STALE,Storyteller’s first yarn lacking originality (5)
CENT,Money HQ about to be demolished (4)
COWLING,It’s frightening crossing lake — cover needed (7)
TROMP,Nothing right about politician’s blast (5)
FRINGE,Boundary made by iron-clad circle (6)
RELISHED,Enjoyed something of historic interest — small building for Caesar originally (8)
ESCAPOLOGY,Son imprisoned in city saying sorry — how to end confinement? (10)
TACK,Food that a racehorse needs (4)
PARENTCOMPANY,"Drama about charge included in bill presented by any big firm? (6,7)"
HERM,The female’s modelling initially for statue (4)
SULTRINESS,Results in onset of sweat possibly? (10)
MARGRAVE,Noble fellow hurt and sombre (8)
VOTIVE,Case about to be dismissed in fulfilment of solemn promise (6)
ECLAT,Yarn about Conservative making comeback brings applause (5)
ENABLER,One helps others learn and be free (7)
SWAN,Bird bites when upset — not good (4)
PIPEDOWN,"Wrap up piece of plumbing emerging from bathroom? (4,4)"
STALKY,"Kipling’s soldier, say, making a speech? (6)"
HOUSE,Routine has to be organised for discipline in the home (5-5)
CORPS,Gosh — you can hear that army unit! (5)
GIRTONCOLLEGE,"Naughty girl once got to tour the French educational establishment (6,7)"
PREACHY,Victim outside a church inclined to be moralistic (7)
ACROMEGALY,Physical problem? Somehow get calmer with yoga (10)
PRESAGE,Endless crush preceding time signal (7)
MORAVIAN,"Protestant version of Bible, one got hold of by converted Roman (8)"
SHANTY,Won’t you primarily sing this at sea? (6)
SEVER,Cut flower deprived of root (5)
TILL,Ultimately reject bad work (4)
TASTES,Predilections for small portions? (6)
COMB,"Search some musicians, ultimately missing nothing (4)"
ODOUR,"Scent … Cologne, it’s said (5)"
ARRAIGNMENT,"German train crashes, leading to prosecution (11)"
MASON,Craftsman representing two generations (5)
SERVINGTIME,"When the waitress approaches behind bars! (7,4)"
ICECAP,One that’s cold to walk over (6)
ANALYSIS,Study with an introduction to Aristophanes’ Lysistrata half-written (8)
PRISONER,"Number Six, the inside man (8)"
PEANUT,Fitness fanatic consumes a little bit of a snack (6)
COMESTOPASS,"Arrives at the Khyber, as happens (5,2,4)"
YARDS,Small cart backing several feet (5)
WINDCHEATER,Cold in head nasty in bleak season? Wrap up warm in this (11)
UNTIE,Loose article in Paris Match (5)
SMEW,Duck to baste — around medium (4)
STAYUP,"Don’t retire, as those who keep from relegation do (4,2)"
BOOM,Barrier for prosperity (4)
CONSUMERISM,"Being keen on spending, as opposed to total miser splashed out (11)"
TRANSLATORS,Bread might give them pain (11)
SARTRE,Rarest sort of philosopher (6)
EDITIONS,"Issues comprising treason, start to finish (8)"
COMET,Firm paid for jet (5)
MINIM,Note car on motorway going downhill and uphill (5)
GOLDENSYRUP,"Terribly ugly person hugging daughter; that’s sweet (6,5)"
INSINCERITY,Deceitfulness of fashionable Las Vegas taking in Her Majesty (11)
ERSATZ,German sub! (6)
BIOPIC,Writer pockets ten pence piece in cinema (6)
REDOLENT,Evocative of European river ebbing fast (8)
PASTRY,Puff from old trains? (6)
ODIUM,Blame leader having quit platform (5)
ENDOW,"Give, in 7d (5)"
SLED,"With onset of snow, blazed a trail on this? (4)"
EMETICAL,Vomitory rejected delicately embroidered article? (8)
OBLIGATI,What we must play off and on to a balding captain? (8)
FREE,"Charge lifted, released from custody (4)"
BRANDYBUTTER,"Bloody frisky goat, a spirited and saucy type! (6,6)"
LAST,Tap glass for refreshment at 10:59:59? (4-4)
EPILOG,Two records one in Rome opens and one in Washington concludes (6)
GENE,What sequencing of heritage needs? (4)
JUICY,"Roughly, do you understand what I’m saying is rather scandalous? (5)"
HYMN,Hosanna! Your motet noted in worthy mnemonic? (4)
IQTEST,"Quotients worked out by University on _____? (1,1,4)"
YEARLONG,Annual review of pay forgetting the old man Elgar? No! (8)
ALADDIN,"I realised the great potential of rubber (8,4)"
PHIZ,Face the sound of pop (4)
CLUBSODA,"Black suit function taken over by a supplier of fizz (4,4)"
LASERPEN,"Pointer for one lecturing on ecdysis of snake? (5,3)"
THEBITTEREND,"When there’s no ale left, it’s time to admit defeat! (3,6,3)"
CANADA,Where Wolfe famously fought the French about nothing (6)
LORDPRIVYSEAL,"Minister left perched on the end of my toilet seat (4,5,4)"
SLOBBERY,Cunning snares heading off cove taking money given to slaver (8)
KANT,"The keys to knowledge are nature and time, he thought (4)"
THIGHSLAPPER,Key to Telegraph Records Library initially kept in fine crack (5-7)
JETTISON,Abandon visitor from afar in a variety of joints (8)
ABUT,Nothing weeded out from around border (4)
TODATE,"Thus far, one’s own source of mischief (2,4)"
MUHAMMADALI,"One’s not very good at boxing in silence (something bizarre to behold!) (8,3)"
EASTINDIA,"European can start to deal in another continent — here, maybe? (4,5)"
TENONING,Creation of joint Rotary campaign in one town’s banks (8)
OUT,Unable to rise from the canvas surface (3)
HANDBAGS,Not 7 you’d pay to see — Spooner’s prohibited witches (8)
MAJORAXES,"Army officer restricts lines through focal points (5,4)"
ADIEU,Heading for Uni after a long goodbye (5)
STEELY,Hard sell that executives initially see (6)
AMIDST,Admits recasting is central to … (6)
THERING,"… all-father in German operas (3,4)"
SMOKIN,"Knockout set up by this person in storm of major frenzies? (6,3,7)"
DOZEN,A number of apostles contemplate their essence? (5)
AGO,Foremost of athletes shot past (3)
AIR,"With upward movement of current in dry and wet weather, they’ll prevent damp (3-6)"
THEGARDEN,"New adherent enthrals grand Epicurean school (3,6)"
MADISON,One’s willing to follow crackpot President (7)
ASWEAT,Was oddly disposed to feed on dripping? (6)
SQUARE,Conservative quits (6)
ESCAPOLOGY,"Theatrical release of captive with key, saying sorry (10)"
JET,Leap from plane with tail on fire (4)
CHEVRON,Companion stumbling over new road sign (7)
SAPPERS,"Masks, etc used by Republican in specialist regiment, and another (7)"
MATRIX,Master and kids discussed mathematical table (6)
LEGALAID,"On first part of journey maybe ring about help with cases? (5,3)"
ALPHABET,A-Z map briefly reviewed before stay in Derby? (8)
CHASER,Drink following each Xmas (beer) all reduced by half (6)
SAMUELBECKETT,"Writer‘s series of holy books current estate regularly discarded (6,7)"
BLETHER,"In Scotland, gas bill lacks content — it’s different there (7)"
NAIVELY,"One’s in part of church and cathedral sharing echo, in innocence (7)"
RESCHEDULE,Arrange further scripture class to avoid returning after school (10)
ETCH,"Score, and the rest start to hug (4)"
CREWCUT,"Rowers on canal identifying arrangement of locks (4,3)"
PORTELIZABETH,"Left the blaze raging around independent African city (4,9)"
LENDER,Thin declining small shark? (6)
GASMETER,"Gambler bringing up son that keeps track of consumption (3,5)"
ELECTRA,European guitar players missing piano star (7)
EASTENDERS,Show people around Stratford (10)
PRE,"Reprising rap, he performs with finest artistic style (3-10)"
IMPASSABLE,Icy roads may be such a devil when black (10)
SEABORNE,"Insurgent clothes touring American carried mainly, so to speak (8)"
POMPEII,Ancient city failing to fulfil Portsmouth couple (7)
SETMENU,"Rogue meets some Greek for business lunch? (3,4)"
SCENIC,Perhaps Durham prison sounded dramatic (6)
HYPE,Talk up front in hall on variable exercises (4)
REPUBLICAN,"Referring to landlord in Lincoln, say (10)"
BASS,Singer opening in Berlin — when? First of September (4)
REALESTATE,"Official car leaving property (4,6)"
WELL,Fine   source of water (4)
TAPE,Record temperature and take off (4)
ENTRENOUS,"Note nurse translated in confidence (5,4)"
TREASURE,Briefly look after certain valuables (8)
ATTEND,"Take part in a series of motorbike time trials, then stop (6)"
RACKET,Clamour as game cut short (6)
TAKEABOW,"Appropriate by a rostrum to acknowledge applause (4,1,3)"
UPTOSNUFF,"Meeting the required standard, until put out (2,2,5)"
IRON,Smooth   golf club (4)
COLD,"Unfriendly Conservative, advanced in years (4)"
PROVIDENCE,Prudence to furnish new church (10)
POPE,Father beginning to eat fish (4)
ENTRAPMENT,Film guys on strike in billowing tent (10)
RARE,Seldom seen in disaster areas (4)
PLACATE,A superintendent finally in position to calm down (7)
BREWER,"A rye ‘Webster’s’ set out as a source of vitamin B (7,5)"
INTHEORY,"At work, that man’s enthralled by right- winger on paper (2,6)"
ASTUTE,Shrewd moving statue (6)
ANEMONE,Sign erected in an English plant (7)
SPLASHDOWN,Dash along landing (10)
GETTHEWINDUP,"Understand leg-pull about article may make one feel anxious (3,3,4,2)"
STIRRUPCUP,"Huntsman’s parting shot? (7,3)"
HAYFEVER,"Comic play   that may bring tears to your eyes? (3,5)"
CATFLAP,Way in which ginger’s used? (7)
BROWNIE,Have in cheese and chocolate cake (7)
FUNRUN,"With pleasure, organise charitable event (3,3)"
HEAT,"High temperature, and hard to swallow? (4)"
BIGDIPPER,"Well-known pickpocket’s joyride (3,6)"
NEGEV,Part of Israel‘s green space? On the contrary (5)
GARGLED,"Holding pair of gloves, Edgar mistakenly rinsed chops (7)"
POWDER,Cosmetic dentist’s first in command (6)
OYEZ,"Perhaps Bruce’s home, handling the cry for attention (4)"
PIED,"In US capital, partner’s dwelling used occasionally (4-1-5)"
RIDICULOUS,Absurd religious class explicit about ordinary American (10)
TYPE,Seventy pence covers stamp (4)
ARMLET,Band member hired (6)
TEARFUL,Start to take carpeting down (7)
DURER,"He painted game in colour, retrospectively (5)"
LIBRARIAN,Sign managed to stifle one worker in quiet environment? (9)
PAGER,Communication device for one in charge northwards (5)
AXILLA,US chopper’s above afflicted area which might be sprayed daily (6)
ESPADRILLE,European runner wearing short suit and casual footwear (10)
NARK,Spy two-by-two boarding here under floor in cabin (4)
HANGOUT,Local air? (7)
SAGEDERBY,"On empty belly, son agreed to roll cheese (4,5)"
NEVER,"Instalment plan left by joiner means dream home unattainable (5-5,4)"
ADJUSTABLE,Like some strapping entertainer in gold uniform (10)
ENDOMORPH,Chubby type harassed doormen by pub (9)
CHEERER,"Check phone network on! Right, one shouts approvingly (7)"
QATARI,Middle-Easterner advanced pitch to enter TV panel show (6)
FLING,It can be a job in the office avoiding the first current affair (5)
OLAF,‘ello from Spaniard met by loud Scandinavian? (4)
STROPS,Pet’s   strips of leather (6)
HORDES,Crowds of men housed in rickety shed (6)
HAVERING,London borough being indecisive (8)
DESPOT,Excellent journalist set about cruel person (6)
PLUM,"Soft mass, mostly something fruity (4)"
KOOKABURRA,"Prepare a place like 8, we hear for a bird (10)"
PROSPECTUSES,Sect’s purpose laid out in brochures (12)
BOWLINGGREEN,"See beginner glow excitedly in sporting venue (7,5)"
HOLLANDERS,Ships — more than one coming to shore during vacations (10)
SAGE,Son needs mature person with wisdom (4)
APPEAL,A sound of bells heard — giving a message asking for help (6)
SQUADCAR,"One of four children in short panic in special vehicle (5,3)"
MONODY,Knight in doleful song expressing sorrow (6)
DEGREE,Sixty minutes to get university award (6)
SMALLFRY,"Youngsters getting minimal eggs and bacon? (5,3)"
RHEUM,Chamber said to be cold once (5)
PRICKLE,Something sharp has king in difficulty (7)
ORDEAL,Nothing right with transactions — distressing experiences (7)
DISBURSER,Audibly rubbish treasurer who shells out cash (9)
SPOORS,Trails not good with double bends at either end (6)
GHOSTLINESS,Eerie quality of grand welcomers swallowing words on stage (11)
SUBALTERN,"Officer is a star, beginning to bring change internally (9)"
LEWGRADE,"Impresario rude about good artist with little energy (3,5)"
WANGLED,Little wife cornered and manipulated (7)
GESTURE,Signal gets half-confused on river (7)
POMPOM,Repeatedly clean up a decorative item (6)
SUDOR,"Sweat in the south of Picardy, along with fighting men (5)"
DEPOSE,"Dismiss Parisian from law officer’s team, lacking heart (6)"
MANPOWER,"Staff, unusual weapon clutched by maiden queen (8)"
ROSARY,Beads twisted or perhaps about right (6)
PRINCESS,"Royal family member, this one’s brother’s son (8)"
ENHANCED,Liquid he canned and improved (8)
TINDER,"Revolutionary communist, idiot that could ignite something (6)"
SLIPPERYSLOPE,"What the setter could offer for Poles? It leads to disaster (8,5)"
SLEIGHTOFHAND,"Magic vehicle carrying Santa to France with bit of help (7,2,4)"
ATTAIN,Get drinkers’ club to welcome non-drinker in (6)
SEAPLANE,Aircraft witness simply reported (8)
INDOLENT,Slow arrangement for Elton after horrible din (8)
INSTIL,Impress trendy whisky-maker no end (6)
TELETHON,"Elton rocks, hosting the broadcast TV event (8)"
DRYROT,"Monotonous hill — turned back, as something dangerous in wood (3,3)"
DARTED,Ventured to admit time was flying (6)
POSTHASTE,First-class mail should have this now! (9)
ACRE,Skilled aviator goes over river as some land (4)
WIELD,"Oddly rejected, oddly evil, we will head north and flourish (5)"
RESERVED,Kept cool (8)
RESPITE,Rest should contribute half of table tip servers raised (7)
TRIFLED,"Flirted, messed about! (7)"
OLDMASTER,"Leotard’s divertingly worn by male artist (3,6)"
ESSAYIST,"One writing lines, say, is twiddling pens (8)"
PELLET,"In France she is in training, being a little round (6)"
TIDAL,"Young man with charisma rising and rising, then falling (5)"
UNDO,Free party for peacekeepers? (4)
ETCH,Carve in sweet chestnut (4)
ODIUM,"Leaving platform, politician’s first to show hatred (5)"
ATONE,"Makes good comic broadcast in a state of desperation (2,4,4,3)"
SCARFACE,Hard to get entertaining group of footballers for film (8)
DIKTAT,Drink a toast every now and then — that’s an order (6)
UNCORK,Open Irish port after French one (6)
ROCKSTAR,"Perhaps Freddie Mercury and Queen released tracks on disc (4,4)"
ANIMALKINGDOM,"Beastly collection delivered by angry mailman biting family dog — that’s back to front (6,7)"
CREAMSODA,"Somewhat mediocre a.m. — so Dad’s getting a drink (5,4)"
GUANO,"Solving sudoku finally with a number — perhaps, a lot of number twos? (5)"
SPAN,Pair of horses reach bridge (4)
ENTERPRISEZONE,"Start short book in jail before end of sentence — it’s a place where renewal is encouraged (10,4)"
LIMBO,Member with love for dance (5)
TENDENCY,Bent occupation making a case for divorce (8)
ELBOW,"Joint trouble rising, pinching limb’s edges (5)"
TANGENT,Northern man after turning up at function (7)
HEREDITARY,The woman’s allowance of food must raise energy — it’s genetic (10)
HATTRICK,"That cycling sprain represents a great sporting achievement (3,5)"
ASSURANCES,"Promises frisky sauna, ultimately wanting caress (10)"
FIREARMS,Weapons companies lug inside (8)
POUNDAGE,Initially going round to charge servant commission (8)
CHIMERA,Fire-breathing monster created by artist under agreement (7)
